{"seed":44,"final/train_loss":0.014191897397708993,"final/val_loss":0.10152860493221885,"_wandb":{"runtime":49},"_runtime":49.7396877,"epoch":10,"val/loss":0.10152860493221885,"_step":10,"train/loss":0.014191897397708993,"val/accuracy":0.9776666666666667,"final/val_accuracy":0.9776666666666667,"_timestamp":1.7721207102365503e+09,"train/accuracy":0.9952777777777778,"loss_function":"cross_entropy_loss"}