{"zeros/loss":2.302627320970754,"xavier/grad_neuron_2":0.12046250983945832,"zeros/grad_neuron_1":0,"zeros/grad_neuron_5":0,"loss_plot":{"width":800,"height":500,"_type":"image-file","sha256":"5eeb68e3a0f8b58b5cb27a090ec44cc355b5ed8b79da9a1648d4a93d99df9359","size":48339,"path":"media/images/loss_plot_51_5eeb68e3a0f8b58b5cb2.png","format":"png"},"xavier/grad_neuron_1":0.06947195377190019,"xavier/loss_start":2.2842940533368874,"xavier/grad_neuron_4":0,"zeros/grad_neuron_4":0,"_runtime":2,"xavier/mean_neuron_gradient_std":0.039491458439594,"zeros/loss_start":2.3025850929940455,"iteration":50,"xavier/grad_neuron_3":0.03372992667393299,"xavier/grad_neuron_5":0.058763446649871584,"zeros/grad_neuron_2":0,"gradient_plot":{"_type":"image-file","sha256":"5bd3668f9820e9f76ed9db88abb5c0b27db57e6609e705076cbf23a4852fcf69","size":99457,"path":"media/images/gradient_plot_50_5bd3668f9820e9f76ed9.png","format":"png","width":1300,"height":500},"zeros/loss_end":2.302627320970754,"xavier/loss_end":2.2983038426076745,"xavier/loss":2.2983038426076745,"_timestamp":1.772809671770597e+09,"_wandb":{"runtime":2},"_step":51,"zeros/mean_neuron_gradient_std":0,"zeros/grad_neuron_3":0}