{"final/val_accuracy":0.9751666666666666,"_wandb":{"runtime":50},"val/accuracy":0.9751666666666666,"epoch":10,"loss_function":"mse_loss","val/loss":0.004033261776231002,"_timestamp":1.7721210559974349e+09,"final/train_loss":0.0015215446230079804,"train/accuracy":0.9906851851851852,"_step":10,"seed":43,"_runtime":50.9245807,"train/loss":0.0015215446230079804,"final/val_loss":0.004033261776231002}