{"_step":15,"_timestamp":1.7721113789814236e+09,"ce/val_acc":0.9756666666666667,"ce/val_loss":0.10728773848902229,"mse/val_loss":0.004050123680846627,"ce/train_acc":0.9968888888888889,"epoch":15,"mse/train_acc":0.9940740740740741,"mse/train_loss":0.000997300664290957,"_runtime":277.5298995,"mse/val_acc":0.9758333333333333,"ce/train_loss":0.009330060733536136,"_wandb":{"runtime":277}}