{"L2_N128/relu/grad_norm_w1":0.30410441979375274,"L3_N128/sigmoid/train_loss":0.024562088630548373,"L2_N128/sigmoid/train_loss":0.028956775139974446,"L5_N128/relu/val_loss":0.1110162324776724,"L2_N128/relu/val_loss":0.09937964700531939,"observation_note":"No clear vanishing-gradient signal in this run.","plots/grad_norm_w1_relu_vs_sigmoid":{"path":"media/images/plots/grad_norm_w1_relu_vs_sigmoid_10_97b4175e6a06ed8d678a.png","format":"png","width":1980,"height":2310,"_type":"image-file","sha256":"97b4175e6a06ed8d678a63969892402def42a663ae1250925017627c9103a450","size":190911},"L2_N128/relu/train_loss":0.010980663425727441,"L5_N128/sigmoid/val_loss":0.11709881903312809,"vanishing_gradient_summary":{"size":507,"path":"media/table/vanishing_gradient_summary_11_fbb72b575f4fc36ead2d.table.json","_latest_artifact_path":"wandb-client-artifact://4anq88nazgptthve1vyerotb065nv72hfnwab66sn3d3cmbmf0ufq0566215kc5djzbkpe4ujhd2c8hst75bvkg5uoeqd9p5k9gbs15rsqcodkhdawqve1djkg104227:latest/vanishing_gradient_summary.table.json","log_mode":"IMMUTABLE","ncols":7,"nrows":3,"artifact_path":"wandb-client-artifact://3umnwmr79qf5ipkc3vakka8f8je1m596yfmb1ojq48rgcno9srgxzjrh7gcarn3c2oupcvb154a8hbbs8bgu4v69w9442uxgvpxzn2l5xzh3zq52quojgxqtzdospiu0/vanishing_gradient_summary.table.json","sha256":"fbb72b575f4fc36ead2de6fc92d2004264d801bde3a28617176f47f5144c4353","_type":"table-file"},"L3_N128/relu/val_loss":0.10767269182649117,"L3_N128/relu/train_loss":0.020781050802605398,"L3_N128/relu/grad_norm_w1":0.400697856347658,"L3_N128/sigmoid/grad_norm_w1":0.1704330654592739,"_wandb":{"runtime":647},"L5_N128/relu/grad_norm_w1":0.46008423260118586,"vanishing_gradient_observed":false,"_step":11,"L5_N128/sigmoid/grad_norm_w1":0.290461206097661,"L5_N128/sigmoid/train_loss":0.03925395683282406,"_runtime":647,"L2_N128/sigmoid/grad_norm_w1":0.1318514160884624,"L2_N128/sigmoid/val_loss":0.0924422948344434,"L5_N128/relu/train_loss":0.025105709110161578,"_timestamp":1.7727001883860736e+09,"L3_N128/sigmoid/val_loss":0.1018285281616205}