{"best_val_accuracy":0.484,"test/accuracy":0.198,"test_accuracy":0.198,"train/loss":2.5189723398240957,"test/loss":2.5105567611589006,"train/accuracy":0.1950925925925926,"_wandb":{"runtime":977},"_step":5,"val/loss":2.505012702462508,"val/accuracy":0.19616666666666666,"_timestamp":1.7721013062745566e+09,"test_loss":2.5105567611589006,"_runtime":977,"epoch":5}