{"_wandb":{"runtime":51},"_timestamp":1.7721206460421443e+09,"_step":10,"final/val_loss":0.10454586860831337,"_runtime":51.3744144,"epoch":10,"val/accuracy":0.9758333333333333,"loss_function":"cross_entropy_loss","seed":43,"train/loss":0.018895356584854556,"train/accuracy":0.9937592592592592,"final/train_loss":0.018895356584854556,"val/loss":0.10454586860831337,"final/val_accuracy":0.9758333333333333}