{"_timestamp":1.7721202488175423e+09,"final/val_loss":0.10454586860831337,"train/loss":0.018895356584854556,"_step":10,"final/val_accuracy":0.9758333333333333,"epoch":10,"train/accuracy":0.9937592592592592,"final/train_loss":0.018895356584854556,"_wandb":{"runtime":83},"loss_function":"cross_entropy","val/loss":0.10454586860831337,"val/accuracy":0.9758333333333333,"_runtime":83.1154764,"seed":43}