{"ce/final_mean_val_acc":0.9755,"ce/epoch_to_target":1,"_step":15,"ce/model_3/val_acc":0.9785,"mse/final_mean_val_acc":0.9757333333333333,"_runtime":891.8405161,"mse/model_2/val_acc":0.9761666666666666,"mse/model_3/val_acc":0.977,"ce/model_2/val_acc":0.9726666666666667,"_wandb":{"runtime":891},"ce/model_1/val_acc":0.973,"ce/model_5/val_acc":0.9768333333333333,"faster_convergence":"MSE","ce/mean_val_acc":0.9755,"mse/model_4/val_acc":0.976,"_timestamp":1.7721198986444352e+09,"mse/epoch_to_target":1,"mse/mean_val_acc":0.9757333333333333,"mse/model_1/val_acc":0.9753333333333334,"mse/model_5/val_acc":0.9741666666666666,"epoch":15,"ce/model_4/val_acc":0.9765}