{"train/accuracy":0.9202407407407407,"_step":10,"test/loss":0.3325806943416181,"_wandb":{"runtime":53},"train/loss":0.21094353774477714,"val/loss":0.2958826563849587,"_timestamp":1.7728138637707508e+09,"test/accuracy":0.8858,"_runtime":53,"val/accuracy":0.899,"test_loss":0.3325806943416181,"epoch":10,"best_val_accuracy":0.899,"test_accuracy":0.8858}