{"final/val_loss":0.10152860493221885,"train/loss":0.014191897397708993,"_wandb":{"runtime":59},"train/accuracy":0.9952777777777778,"val/loss":0.10152860493221885,"_step":10,"epoch":10,"final/train_loss":0.014191897397708993,"loss_function":"cross_entropy","seed":44,"_timestamp":1.7721203180421038e+09,"final/val_accuracy":0.9776666666666667,"val/accuracy":0.9776666666666667,"_runtime":59.0625441}