{"final/val_loss":0.003960794006724079,"_timestamp":1.772121326259125e+09,"loss_function":"mse_loss","seed":46,"final/val_accuracy":0.9763333333333334,"_runtime":80.1304354,"train/loss":0.0016208834414358521,"train/accuracy":0.9897777777777778,"val/loss":0.003960794006724079,"final/train_loss":0.0016208834414358521,"_wandb":{"runtime":80},"_step":10,"epoch":10,"val/accuracy":0.9763333333333334}