{"_step":10,"_timestamp":1.7721002327683318e+09,"train/loss":2.3012008824864076,"best_val_accuracy":0.1175,"test/accuracy":0.1135,"test_accuracy":0.1135,"val/loss":2.3011226506903695,"val/accuracy":0.1175,"train/accuracy":0.1117962962962963,"test/loss":2.3009860125028836,"_runtime":75,"epoch":10,"test_loss":2.3009860125028836,"_wandb":{"runtime":75}}