{"xavier/grad_neuron_4":0,"_timestamp":1.7727732607788184e+09,"gradient_plot":{"path":"media/images/gradient_plot_50_5bd3668f9820e9f76ed9.png","format":"png","width":1300,"height":500,"_type":"image-file","sha256":"5bd3668f9820e9f76ed9db88abb5c0b27db57e6609e705076cbf23a4852fcf69","size":99457},"zeros/mean_neuron_gradient_std":0,"xavier/loss_start":2.2842940533368874,"_runtime":4,"_wandb":{"runtime":4},"iteration":50,"zeros/loss":2.302627320970754,"xavier/grad_neuron_1":0.06947195377190019,"xavier/grad_neuron_2":0.12046250983945832,"_step":50,"zeros/grad_neuron_1":0,"xavier/mean_neuron_gradient_std":0.039491458439594,"xavier/loss_end":2.2983038426076745,"zeros/grad_neuron_5":0,"zeros/loss_end":2.302627320970754,"zeros/grad_neuron_2":0,"zeros/grad_neuron_3":0,"zeros/grad_neuron_4":0,"zeros/loss_start":2.3025850929940455,"xavier/grad_neuron_3":0.03372992667393299,"xavier/loss":2.2983038426076745,"xavier/grad_neuron_5":0.058763446649871584}