{"best_val_accuracy":0.8951666666666667,"epoch":10,"_timestamp":1.7728788727075346e+09,"test/loss":0.33959829884617093,"test_loss":0.33959829884617093,"_step":10,"test_accuracy":0.8829,"test/accuracy":0.8829,"val/loss":0.2908310005283025,"val/accuracy":0.8951666666666667,"_wandb":{"runtime":180},"train/loss":0.21091429394376482,"train/accuracy":0.9196111111111112,"_runtime":180}