{"zeros/mean_neuron_gradient_std":0,"xavier/grad_neuron_4":0,"xavier/loss_start":2.2842940533368874,"xavier/loss":2.2983038426076745,"zeros/grad_neuron_5":0,"xavier/loss_end":2.2983038426076745,"gradient_plot":{"format":"png","width":1300,"height":500,"_type":"image-file","sha256":"5bd3668f9820e9f76ed9db88abb5c0b27db57e6609e705076cbf23a4852fcf69","size":99457,"path":"media/images/gradient_plot_50_5bd3668f9820e9f76ed9.png"},"_runtime":4,"zeros/grad_neuron_4":0,"xavier/grad_neuron_5":0.058763446649871584,"_timestamp":1.7728094913882046e+09,"zeros/loss":2.302627320970754,"zeros/loss_start":2.3025850929940455,"_wandb":{"runtime":4},"zeros/loss_end":2.302627320970754,"_step":51,"xavier/mean_neuron_gradient_std":0.039491458439594,"xavier/grad_neuron_2":0.12046250983945832,"xavier/grad_neuron_3":0.03372992667393299,"iteration":50,"zeros/grad_neuron_3":0,"zeros/grad_neuron_1":0,"loss_plot":{"width":800,"height":500,"_type":"image-file","sha256":"5eeb68e3a0f8b58b5cb27a090ec44cc355b5ed8b79da9a1648d4a93d99df9359","size":48339,"path":"media/images/loss_plot_51_5eeb68e3a0f8b58b5cb2.png","format":"png"},"xavier/grad_neuron_1":0.06947195377190019,"zeros/grad_neuron_2":0}