{"train/loss":0.11101789394388333,"val/loss":0.20078883030684247,"test/accuracy":0.9596,"_timestamp":1.772103232488628e+09,"test_accuracy":0.9596,"train/accuracy":0.9726481481481482,"val/accuracy":0.9566666666666667,"test/loss":0.18592695865738618,"_step":10,"epoch":10,"_wandb":{"runtime":58},"best_val_accuracy":0.9566666666666667,"test_loss":0.18592695865738618,"_runtime":58}