{"_wandb":{"runtime":94},"best_val_accuracy":0.9783333333333334,"test/accuracy":0.9779,"_step":10,"_runtime":94,"test_loss":0.08744395959513639,"val/accuracy":0.9783333333333334,"_timestamp":1.772105860026768e+09,"epoch":10,"train/accuracy":0.995037037037037,"val/loss":0.09182880119285568,"test/loss":0.08744395959513639,"train/loss":0.015784899196625606,"test_accuracy":0.9779}