{"loss_function":"mse_loss","train/loss":0.0013364406343665698,"_step":10,"final/val_loss":0.0033362918589452013,"final/val_accuracy":0.9791666666666666,"epoch":10,"_runtime":81.4832811,"val/loss":0.0033362918589452013,"train/accuracy":0.9921296296296296,"final/train_loss":0.0013364406343665698,"_wandb":{"runtime":81},"_timestamp":1.7721212337207448e+09,"val/accuracy":0.9791666666666666,"seed":45}