{"xavier/grad_neuron_4":0,"_runtime":2,"zeros/grad_neuron_1":0,"xavier/grad_neuron_1":0.06947195377190019,"zeros/mean_neuron_gradient_std":0,"xavier/grad_neuron_2":0.12046250983945832,"xavier/mean_neuron_gradient_std":0.039491458439594,"zeros/loss_start":2.3025850929940455,"zeros/grad_neuron_3":0,"zeros/grad_neuron_2":0,"_timestamp":1.7727742873233376e+09,"zeros/grad_neuron_5":0,"gradient_plot":{"height":500,"_type":"image-file","sha256":"5bd3668f9820e9f76ed9db88abb5c0b27db57e6609e705076cbf23a4852fcf69","size":99457,"path":"media/images/gradient_plot_50_5bd3668f9820e9f76ed9.png","format":"png","width":1300},"loss_plot":{"width":800,"height":500,"_type":"image-file","sha256":"5eeb68e3a0f8b58b5cb27a090ec44cc355b5ed8b79da9a1648d4a93d99df9359","size":48339,"path":"media/images/loss_plot_51_5eeb68e3a0f8b58b5cb2.png","format":"png"},"xavier/loss_start":2.2842940533368874,"xavier/loss":2.2983038426076745,"xavier/grad_neuron_5":0.058763446649871584,"_wandb":{"runtime":2},"xavier/loss_end":2.2983038426076745,"zeros/grad_neuron_4":0,"xavier/grad_neuron_3":0.03372992667393299,"zeros/loss":2.302627320970754,"_step":51,"zeros/loss_end":2.302627320970754,"iteration":50}